Date,3mo_Tbill
04/04/2016,0.23
05/04/2016,0.23
06/04/2016,0.23
07/04/2016,0.23
08/04/2016,0.23
11/04/2016,0.23
12/04/2016,0.22
13/04/2016,0.23
14/04/2016,0.22
15/04/2016,0.22
18/04/2016,0.22
19/04/2016,0.21
20/04/2016,0.23
21/04/2016,0.23
22/04/2016,0.23
25/04/2016,0.25
26/04/2016,0.24
27/04/2016,0.24
28/04/2016,0.22
29/04/2016,0.22
02/05/2016,0.22
03/05/2016,0.21
04/05/2016,0.19
05/05/2016,0.2
06/05/2016,0.19
09/05/2016,0.24
10/05/2016,0.24
11/05/2016,0.26
12/05/2016,0.27
13/05/2016,0.29
16/05/2016,0.28
17/05/2016,0.28
18/05/2016,0.3
19/05/2016,0.31
20/05/2016,0.33
23/05/2016,0.35
24/05/2016,0.35
25/05/2016,0.33
26/05/2016,0.31
27/05/2016,0.32
30/05/2016,.
31/05/2016,0.34
01/06/2016,0.3
02/06/2016,0.29
03/06/2016,0.3
06/06/2016,0.28
07/06/2016,0.28
08/06/2016,0.24
09/06/2016,0.26
10/06/2016,0.26
13/06/2016,0.27
14/06/2016,0.27
15/06/2016,0.26
16/06/2016,0.27
17/06/2016,0.27
20/06/2016,0.28
21/06/2016,0.27
22/06/2016,0.27
23/06/2016,0.31
24/06/2016,0.27
27/06/2016,0.27
28/06/2016,0.26
29/06/2016,0.26
30/06/2016,0.26
01/07/2016,0.28
04/07/2016,.
05/07/2016,0.28
06/07/2016,0.27
07/07/2016,0.29
08/07/2016,0.28
11/07/2016,0.31
12/07/2016,0.29
13/07/2016,0.31
14/07/2016,0.32
15/07/2016,0.32
18/07/2016,0.32
19/07/2016,0.31
20/07/2016,0.32
21/07/2016,0.32
22/07/2016,0.33
25/07/2016,0.32
26/07/2016,0.31
27/07/2016,0.31
28/07/2016,0.25
29/07/2016,0.28
01/08/2016,0.29
02/08/2016,0.29
03/08/2016,0.28
04/08/2016,0.26
05/08/2016,0.28
08/08/2016,0.31
09/08/2016,0.29
10/08/2016,0.28
11/08/2016,0.28
12/08/2016,0.29
15/08/2016,0.31
16/08/2016,0.27
17/08/2016,0.3
18/08/2016,0.3
19/08/2016,0.3
22/08/2016,0.29
23/08/2016,0.3
24/08/2016,0.31
25/08/2016,0.33
26/08/2016,0.34
29/08/2016,0.33
30/08/2016,0.33
31/08/2016,0.33
01/09/2016,0.33
02/09/2016,0.33
05/09/2016,.
06/09/2016,0.32
07/09/2016,0.34
08/09/2016,0.35
09/09/2016,0.35
12/09/2016,0.37
13/09/2016,0.36
14/09/2016,0.33
15/09/2016,0.29
16/09/2016,0.3
19/09/2016,0.3
20/09/2016,0.3
21/09/2016,0.22
22/09/2016,0.18
23/09/2016,0.18
26/09/2016,0.25
27/09/2016,0.26
28/09/2016,0.27
29/09/2016,0.26
30/09/2016,0.29
03/10/2016,0.32
04/10/2016,0.33
05/10/2016,0.32
06/10/2016,0.33
07/10/2016,0.33
10/10/2016,.
11/10/2016,0.35
12/10/2016,0.37
13/10/2016,0.3
14/10/2016,0.32
17/10/2016,0.34
18/10/2016,0.34
19/10/2016,0.35
20/10/2016,0.35
21/10/2016,0.34
24/10/2016,0.33
25/10/2016,0.34
26/10/2016,0.33
27/10/2016,0.3
28/10/2016,0.3
31/10/2016,0.34
01/11/2016,0.35
02/11/2016,0.37
03/11/2016,0.38
04/11/2016,0.38
07/11/2016,0.41
08/11/2016,0.43
09/11/2016,0.45
10/11/2016,0.48
11/11/2016,.
14/11/2016,0.55
15/11/2016,0.51
16/11/2016,0.47
17/11/2016,0.44
18/11/2016,0.44
21/11/2016,0.46
22/11/2016,0.49
23/11/2016,0.51
24/11/2016,.
25/11/2016,0.49
28/11/2016,0.48
29/11/2016,0.48
30/11/2016,0.48
01/12/2016,0.48
02/12/2016,0.49
05/12/2016,0.49
06/12/2016,0.49
07/12/2016,0.52
08/12/2016,0.51
09/12/2016,0.54
12/12/2016,0.51
13/12/2016,0.54
14/12/2016,0.55
15/12/2016,0.51
16/12/2016,0.51
19/12/2016,0.52
20/12/2016,0.52
21/12/2016,0.52
22/12/2016,0.51
23/12/2016,0.52
26/12/2016,.
27/12/2016,0.51
28/12/2016,0.53
29/12/2016,0.47
30/12/2016,0.51
02/01/2017,.
03/01/2017,0.53
04/01/2017,0.53
05/01/2017,0.52
06/01/2017,0.53
09/01/2017,0.5
10/01/2017,0.52
11/01/2017,0.52
12/01/2017,0.52
13/01/2017,0.53
16/01/2017,.
17/01/2017,0.55
18/01/2017,0.53
19/01/2017,0.52
20/01/2017,0.5
23/01/2017,0.51
24/01/2017,0.51
25/01/2017,0.5
26/01/2017,0.51
27/01/2017,0.52
30/01/2017,0.51
31/01/2017,0.52
01/02/2017,0.51
02/02/2017,0.52
03/02/2017,0.51
06/02/2017,0.53
07/02/2017,0.53
08/02/2017,0.54
09/02/2017,0.54
10/02/2017,0.55
13/02/2017,0.52
14/02/2017,0.54
15/02/2017,0.54
16/02/2017,0.53
17/02/2017,0.53
20/02/2017,.
21/02/2017,0.53
22/02/2017,0.52
23/02/2017,0.51
24/02/2017,0.52
27/02/2017,0.5
28/02/2017,0.53
01/03/2017,0.63
02/03/2017,0.67
03/03/2017,0.71
06/03/2017,0.74
07/03/2017,0.76
08/03/2017,0.73
09/03/2017,0.73
10/03/2017,0.75
13/03/2017,0.79
14/03/2017,0.78
15/03/2017,0.73
16/03/2017,0.73
17/03/2017,0.73
20/03/2017,0.76
21/03/2017,0.77
22/03/2017,0.77
23/03/2017,0.76
24/03/2017,0.78
27/03/2017,0.78
28/03/2017,0.78
29/03/2017,0.78
30/03/2017,0.78
31/03/2017,0.76
03/04/2017,0.79
04/04/2017,0.79
05/04/2017,0.8
06/04/2017,0.79
07/04/2017,0.82
10/04/2017,0.82
11/04/2017,0.82
12/04/2017,0.81
13/04/2017,0.81
14/04/2017,.
17/04/2017,0.83
18/04/2017,0.82
19/04/2017,0.81
20/04/2017,0.79
21/04/2017,0.79
24/04/2017,0.81
25/04/2017,0.82
26/04/2017,0.83
27/04/2017,0.81
28/04/2017,0.8
01/05/2017,0.83
02/05/2017,0.82
03/05/2017,0.85
04/05/2017,0.86
05/05/2017,0.9
08/05/2017,0.91
09/05/2017,0.91
10/05/2017,0.9
11/05/2017,0.89
12/05/2017,0.88
15/05/2017,0.9
16/05/2017,0.9
17/05/2017,0.9
18/05/2017,0.93
19/05/2017,0.92
22/05/2017,0.93
23/05/2017,0.92
24/05/2017,0.93
25/05/2017,0.94
26/05/2017,0.94
29/05/2017,.
30/05/2017,0.93
31/05/2017,0.98
01/06/2017,0.98
02/06/2017,0.98
05/06/2017,0.96
06/06/2017,0.97
07/06/2017,1
08/06/2017,1.01
09/06/2017,1.01
12/06/2017,0.98
13/06/2017,1
14/06/2017,1.01
15/06/2017,1.02
16/06/2017,1.03
19/06/2017,1.02
20/06/2017,1.01
21/06/2017,0.99
22/06/2017,0.96
23/06/2017,0.97
26/06/2017,0.99
27/06/2017,1
28/06/2017,1.02
29/06/2017,1.04
30/06/2017,1.03
03/07/2017,1.06
04/07/2017,.
05/07/2017,1.05
06/07/2017,1.04
07/07/2017,1.05
10/07/2017,1.04
11/07/2017,1.05
12/07/2017,1.05
13/07/2017,1.05
14/07/2017,1.04
17/07/2017,1.07
18/07/2017,1.07
19/07/2017,1.11
20/07/2017,1.15
21/07/2017,1.16
24/07/2017,1.17
25/07/2017,1.18
26/07/2017,1.13
27/07/2017,1.11
28/07/2017,1.08
31/07/2017,1.07
01/08/2017,1.08
02/08/2017,1.08
03/08/2017,1.08
04/08/2017,1.08
07/08/2017,1.02
08/08/2017,1.06
09/08/2017,1.06
10/08/2017,1.05
11/08/2017,1.03
14/08/2017,1.02
15/08/2017,1.04
16/08/2017,1.02
17/08/2017,1
18/08/2017,1.02
21/08/2017,1
22/08/2017,1
23/08/2017,1
24/08/2017,1.02
25/08/2017,1.03
28/08/2017,0.98
29/08/2017,1.03
30/08/2017,1.03
31/08/2017,1.01
01/09/2017,1.02
04/09/2017,.
05/09/2017,1.03
06/09/2017,1.07
07/09/2017,1.05
08/09/2017,1.04
11/09/2017,1.05
12/09/2017,1.03
13/09/2017,1.04
14/09/2017,1.05
15/09/2017,1.05
18/09/2017,1.05
19/09/2017,1.04
20/09/2017,1.04
21/09/2017,1.04
22/09/2017,1.03
25/09/2017,1.05
26/09/2017,1.06
27/09/2017,1.07
28/09/2017,1.06
29/09/2017,1.06
02/10/2017,1.01
03/10/2017,1.07
04/10/2017,1.08
05/10/2017,1.07
06/10/2017,1.07
09/10/2017,.
10/10/2017,1.08
11/10/2017,1.1
12/10/2017,1.09
13/10/2017,1.09
16/10/2017,1.1
17/10/2017,1.09
18/10/2017,1.09
19/10/2017,1.1
20/10/2017,1.11
23/10/2017,1.09
24/10/2017,1.12
25/10/2017,1.12
26/10/2017,1.11
27/10/2017,1.1
30/10/2017,1.12
31/10/2017,1.15
01/11/2017,1.18
02/11/2017,1.17
03/11/2017,1.18
06/11/2017,1.19
07/11/2017,1.22
08/11/2017,1.23
09/11/2017,1.24
10/11/2017,1.23
13/11/2017,1.24
14/11/2017,1.26
15/11/2017,1.25
16/11/2017,1.27
17/11/2017,1.29
20/11/2017,1.3
21/11/2017,1.3
22/11/2017,1.29
23/11/2017,.
24/11/2017,1.29
27/11/2017,1.27
28/11/2017,1.3
29/11/2017,1.29
30/11/2017,1.27
01/12/2017,1.27
04/12/2017,1.29
05/12/2017,1.3
06/12/2017,1.3
07/12/2017,1.29
08/12/2017,1.28
11/12/2017,1.33
12/12/2017,1.34
13/12/2017,1.3
14/12/2017,1.32
15/12/2017,1.31
18/12/2017,1.38
19/12/2017,1.37
20/12/2017,1.38
21/12/2017,1.35
22/12/2017,1.33
25/12/2017,.
26/12/2017,1.47
27/12/2017,1.44
28/12/2017,1.39
29/12/2017,1.39
01/01/2018,.
02/01/2018,1.44
03/01/2018,1.41
04/01/2018,1.41
05/01/2018,1.39
08/01/2018,1.45
09/01/2018,1.44
10/01/2018,1.42
11/01/2018,1.43
12/01/2018,1.43
15/01/2018,.
16/01/2018,1.45
17/01/2018,1.44
18/01/2018,1.45
19/01/2018,1.44
22/01/2018,1.44
23/01/2018,1.44
24/01/2018,1.43
25/01/2018,1.42
26/01/2018,1.41
29/01/2018,1.44
30/01/2018,1.44
31/01/2018,1.46
01/02/2018,1.48
02/02/2018,1.48
05/02/2018,1.51
06/02/2018,1.52
07/02/2018,1.55
08/02/2018,1.55
09/02/2018,1.55
12/02/2018,1.62
13/02/2018,1.59
14/02/2018,1.58
15/02/2018,1.58
16/02/2018,1.62
19/02/2018,.
20/02/2018,1.66
21/02/2018,1.64
22/02/2018,1.63
23/02/2018,1.64
26/02/2018,1.66
27/02/2018,1.66
28/02/2018,1.65
01/03/2018,1.63
02/03/2018,1.65
05/03/2018,1.7
06/03/2018,1.68
07/03/2018,1.68
08/03/2018,1.67
09/03/2018,1.67
12/03/2018,1.71
13/03/2018,1.73
14/03/2018,1.76
15/03/2018,1.77
16/03/2018,1.78
19/03/2018,1.8
20/03/2018,1.81
21/03/2018,1.74
22/03/2018,1.72
23/03/2018,1.74
26/03/2018,1.79
27/03/2018,1.77
28/03/2018,1.73
29/03/2018,1.73
30/03/2018,.
02/04/2018,1.77
03/04/2018,1.75
04/04/2018,1.71
05/04/2018,1.72
06/04/2018,1.73
09/04/2018,1.76
10/04/2018,1.74
11/04/2018,1.73
12/04/2018,1.75
13/04/2018,1.76
16/04/2018,1.79
17/04/2018,1.8
18/04/2018,1.81
19/04/2018,1.82
20/04/2018,1.81
23/04/2018,1.87
24/04/2018,1.87
25/04/2018,1.85
26/04/2018,1.82
27/04/2018,1.82
30/04/2018,1.87
01/05/2018,1.85
02/05/2018,1.84
03/05/2018,1.84
04/05/2018,1.84
07/05/2018,1.86
08/05/2018,1.87
09/05/2018,1.88
10/05/2018,1.9
11/05/2018,1.92
14/05/2018,1.93
15/05/2018,1.92
16/05/2018,1.92
17/05/2018,1.92
18/05/2018,1.91
21/05/2018,1.93
22/05/2018,1.93
23/05/2018,1.92
24/05/2018,1.91
25/05/2018,1.9
28/05/2018,.
29/05/2018,1.93
30/05/2018,1.94
31/05/2018,1.93
01/06/2018,1.92
04/06/2018,1.94
05/06/2018,1.94
06/06/2018,1.95
07/06/2018,1.94
08/06/2018,1.93
11/06/2018,1.94
12/06/2018,1.92
13/06/2018,1.94
14/06/2018,1.94
15/06/2018,1.94
18/06/2018,1.94
19/06/2018,1.94
20/06/2018,1.94
21/06/2018,1.94
22/06/2018,1.93
25/06/2018,1.93
26/06/2018,1.93
27/06/2018,1.93
28/06/2018,1.93
29/06/2018,1.93
02/07/2018,1.98
03/07/2018,1.98
04/07/2018,.
05/07/2018,1.96
06/07/2018,1.97
09/07/2018,1.98
10/07/2018,1.99
11/07/2018,1.97
12/07/2018,1.98
13/07/2018,1.98
16/07/2018,2.01
17/07/2018,2.02
18/07/2018,2
19/07/2018,2
20/07/2018,1.99
23/07/2018,1.99
24/07/2018,2.02
25/07/2018,2.01
26/07/2018,1.99
27/07/2018,2
30/07/2018,2.04
31/07/2018,2.03
01/08/2018,2.03
02/08/2018,2.02
03/08/2018,2.01
06/08/2018,2.05
07/08/2018,2.06
08/08/2018,2.06
09/08/2018,2.06
10/08/2018,2.05
13/08/2018,2.06
14/08/2018,2.08
15/08/2018,2.07
16/08/2018,2.07
17/08/2018,2.05
20/08/2018,2.06
21/08/2018,2.08
22/08/2018,2.09
23/08/2018,2.08
24/08/2018,2.09
27/08/2018,2.12
28/08/2018,2.13
29/08/2018,2.13
30/08/2018,2.11
31/08/2018,2.11
03/09/2018,.
04/09/2018,2.13
05/09/2018,2.14
06/09/2018,2.13
07/09/2018,2.14
10/09/2018,2.14
11/09/2018,2.15
12/09/2018,2.16
13/09/2018,2.15
14/09/2018,2.16
17/09/2018,2.16
18/09/2018,2.17
19/09/2018,2.16
20/09/2018,2.17
21/09/2018,2.18
24/09/2018,2.22
25/09/2018,2.21
26/09/2018,2.2
27/09/2018,2.18
28/09/2018,2.19
01/10/2018,2.23
02/10/2018,2.23
03/10/2018,2.23
04/10/2018,2.22
05/10/2018,2.23
08/10/2018,.
09/10/2018,2.25
10/10/2018,2.27
11/10/2018,2.27
12/10/2018,2.28
15/10/2018,2.31
16/10/2018,2.3
17/10/2018,2.31
18/10/2018,2.32
19/10/2018,2.31
22/10/2018,2.34
23/10/2018,2.33
24/10/2018,2.34
25/10/2018,2.34
26/10/2018,2.33
29/10/2018,2.34
30/10/2018,2.33
31/10/2018,2.34
01/11/2018,2.32
02/11/2018,2.33
05/11/2018,2.36
06/11/2018,2.35
07/11/2018,2.37
08/11/2018,2.35
09/11/2018,2.36
12/11/2018,.
13/11/2018,2.38
14/11/2018,2.38
15/11/2018,2.37
16/11/2018,2.36
19/11/2018,2.38
20/11/2018,2.39
21/11/2018,2.41
22/11/2018,.
23/11/2018,2.41
26/11/2018,2.41
27/11/2018,2.41
28/11/2018,2.4
29/11/2018,2.37
30/11/2018,2.37
03/12/2018,2.38
04/12/2018,2.42
05/12/2018,.
06/12/2018,2.41
07/12/2018,2.4
10/12/2018,2.41
11/12/2018,2.41
12/12/2018,2.43
13/12/2018,2.43
14/12/2018,2.42
17/12/2018,2.4
18/12/2018,2.39
19/12/2018,2.4
20/12/2018,2.39
21/12/2018,2.39
24/12/2018,2.45
25/12/2018,.
26/12/2018,2.44
27/12/2018,2.41
28/12/2018,2.4
31/12/2018,2.45
01/01/2019,.
02/01/2019,2.42
03/01/2019,2.41
04/01/2019,2.42
07/01/2019,2.45
08/01/2019,2.46
09/01/2019,2.45
10/01/2019,2.43
11/01/2019,2.43
14/01/2019,2.45
15/01/2019,2.45
16/01/2019,2.43
17/01/2019,2.42
18/01/2019,2.41
21/01/2019,.
22/01/2019,2.43
23/01/2019,2.41
24/01/2019,2.37
25/01/2019,2.39
28/01/2019,2.42
29/01/2019,2.42
30/01/2019,2.42
31/01/2019,2.41
01/02/2019,2.4
04/02/2019,2.42
05/02/2019,2.42
06/02/2019,2.42
07/02/2019,2.42
08/02/2019,2.43
11/02/2019,2.45
12/02/2019,2.43
13/02/2019,2.44
14/02/2019,2.43
15/02/2019,2.43
18/02/2019,.
19/02/2019,2.45
20/02/2019,2.45
21/02/2019,2.45
22/02/2019,2.46
25/02/2019,2.47
26/02/2019,2.45
27/02/2019,2.45
28/02/2019,2.45
01/03/2019,2.44
04/03/2019,2.46
05/03/2019,2.46
06/03/2019,2.47
07/03/2019,2.45
08/03/2019,2.46
11/03/2019,2.46
12/03/2019,2.46
13/03/2019,2.45
14/03/2019,2.45
15/03/2019,2.45
18/03/2019,2.44
19/03/2019,2.46
20/03/2019,2.48
21/03/2019,2.49
22/03/2019,2.46
25/03/2019,2.46
26/03/2019,2.46
27/03/2019,2.44
28/03/2019,2.43
29/03/2019,2.4
01/04/2019,2.43
02/04/2019,2.42
03/04/2019,2.44
04/04/2019,2.44
05/04/2019,2.44
08/04/2019,2.43
09/04/2019,2.42
10/04/2019,2.43
11/04/2019,2.43
12/04/2019,2.44
15/04/2019,2.43
16/04/2019,2.43
17/04/2019,2.44
18/04/2019,2.42
19/04/2019,.
22/04/2019,2.44
23/04/2019,2.45
24/04/2019,2.44
25/04/2019,2.43
26/04/2019,2.42
29/04/2019,2.44
30/04/2019,2.43
01/05/2019,2.43
02/05/2019,2.47
03/05/2019,2.43
06/05/2019,2.44
07/05/2019,2.43
08/05/2019,2.43
09/05/2019,2.43
10/05/2019,2.43
13/05/2019,2.41
14/05/2019,2.41
15/05/2019,2.42
16/05/2019,2.4
17/05/2019,2.39
20/05/2019,2.39
21/05/2019,2.39
22/05/2019,2.38
23/05/2019,2.37
24/05/2019,2.35
27/05/2019,.
28/05/2019,2.37
29/05/2019,2.37
30/05/2019,2.38
31/05/2019,2.35
03/06/2019,2.35
04/06/2019,2.35
05/06/2019,2.35
06/06/2019,2.33
07/06/2019,2.28
10/06/2019,2.29
11/06/2019,2.27
12/06/2019,2.24
13/06/2019,2.19
14/06/2019,2.2
17/06/2019,2.23
18/06/2019,2.22
19/06/2019,2.18
20/06/2019,2.14
21/06/2019,2.11
24/06/2019,2.13
25/06/2019,2.12
26/06/2019,2.15
27/06/2019,2.14
28/06/2019,2.12
01/07/2019,2.21
02/07/2019,2.2
03/07/2019,2.21
04/07/2019,.
05/07/2019,2.23
08/07/2019,2.26
09/07/2019,2.26
10/07/2019,2.2
11/07/2019,2.17
12/07/2019,2.14
15/07/2019,2.16
16/07/2019,2.15
17/07/2019,2.14
18/07/2019,2.05
19/07/2019,2.06
22/07/2019,2.09
23/07/2019,2.06
24/07/2019,2.1
25/07/2019,2.1
26/07/2019,2.12
29/07/2019,2.12
30/07/2019,2.08
31/07/2019,2.08
01/08/2019,2.07
02/08/2019,2.06
05/08/2019,2.05
06/08/2019,2.05
07/08/2019,2.02
08/08/2019,2.02
09/08/2019,2
12/08/2019,2
13/08/2019,2
14/08/2019,1.96
15/08/2019,1.91
16/08/2019,1.87
19/08/2019,1.94
20/08/2019,1.94
21/08/2019,1.97
22/08/2019,2
23/08/2019,1.97
26/08/2019,2.01
27/08/2019,1.98
28/08/2019,1.99
29/08/2019,1.99
30/08/2019,1.99
02/09/2019,.
03/09/2019,1.98
04/09/2019,1.97
05/09/2019,1.97
06/09/2019,1.96
09/09/2019,1.96
10/09/2019,1.95
11/09/2019,1.96
12/09/2019,1.95
13/09/2019,1.96
16/09/2019,1.99
17/09/2019,1.99
18/09/2019,1.95
19/09/2019,1.93
20/09/2019,1.91
23/09/2019,1.94
24/09/2019,1.92
25/09/2019,1.89
26/09/2019,1.83
27/09/2019,1.8
30/09/2019,1.88
01/10/2019,1.82
02/10/2019,1.79
03/10/2019,1.7
04/10/2019,1.71
07/10/2019,1.75
08/10/2019,1.72
09/10/2019,1.69
10/10/2019,1.68
11/10/2019,1.68
14/10/2019,.
15/10/2019,1.67
16/10/2019,1.66
17/10/2019,1.66
18/10/2019,1.66
21/10/2019,1.67
22/10/2019,1.65
23/10/2019,1.65
24/10/2019,1.67
25/10/2019,1.66
28/10/2019,1.65
29/10/2019,1.63
30/10/2019,1.62
31/10/2019,1.54
01/11/2019,1.52
04/11/2019,1.53
05/11/2019,1.56
06/11/2019,1.56
07/11/2019,1.56
08/11/2019,1.55
11/11/2019,.
12/11/2019,1.59
13/11/2019,1.57
14/11/2019,1.57
15/11/2019,1.57
18/11/2019,1.57
19/11/2019,1.57
20/11/2019,1.57
21/11/2019,1.58
22/11/2019,1.58
25/11/2019,1.61
26/11/2019,1.6
27/11/2019,1.62
28/11/2019,.
29/11/2019,1.59
02/12/2019,1.6
03/12/2019,1.57
04/12/2019,1.55
05/12/2019,1.54
06/12/2019,1.53
09/12/2019,1.54
10/12/2019,1.56
11/12/2019,1.57
12/12/2019,1.56
13/12/2019,1.57
16/12/2019,1.57
17/12/2019,1.56
18/12/2019,1.56
19/12/2019,1.57
20/12/2019,1.58
23/12/2019,1.59
24/12/2019,1.58
25/12/2019,.
26/12/2019,1.58
27/12/2019,1.57
30/12/2019,1.57
31/12/2019,1.55
01/01/2020,.
02/01/2020,1.54
03/01/2020,1.52
06/01/2020,1.56
07/01/2020,1.54
08/01/2020,1.54
09/01/2020,1.54
10/01/2020,1.54
13/01/2020,1.57
14/01/2020,1.57
15/01/2020,1.57
16/01/2020,1.55
17/01/2020,1.56
20/01/2020,.
21/01/2020,1.56
22/01/2020,1.55
23/01/2020,1.55
24/01/2020,1.54
27/01/2020,1.55
28/01/2020,1.57
29/01/2020,1.56
30/01/2020,1.57
31/01/2020,1.55
03/02/2020,1.57
04/02/2020,1.57
05/02/2020,1.57
06/02/2020,1.57
07/02/2020,1.56
10/02/2020,1.58
11/02/2020,1.57
12/02/2020,1.58
13/02/2020,1.59
14/02/2020,1.58
17/02/2020,.
18/02/2020,1.58
19/02/2020,1.58
20/02/2020,1.58
21/02/2020,1.56
24/02/2020,1.53
25/02/2020,1.53
26/02/2020,1.53
27/02/2020,1.45
28/02/2020,1.27
02/03/2020,1.13
03/03/2020,0.95
04/03/2020,0.72
05/03/2020,0.62
06/03/2020,0.45
09/03/2020,0.33
10/03/2020,0.44
11/03/2020,0.42
12/03/2020,0.33
13/03/2020,0.28
16/03/2020,0.24
17/03/2020,0.19
18/03/2020,0.02
19/03/2020,0.04
20/03/2020,0.05
23/03/2020,0.02
24/03/2020,0.01
25/03/2020,0
26/03/2020,0
27/03/2020,0.03
30/03/2020,0.12
31/03/2020,0.11
01/04/2020,0.09
02/04/2020,0.09
03/04/2020,0.1
06/04/2020,0.15
07/04/2020,0.14
08/04/2020,0.22
09/04/2020,0.25
10/04/2020,.
13/04/2020,0.26
14/04/2020,0.2
15/04/2020,0.14
16/04/2020,0.14
17/04/2020,0.12
20/04/2020,0.12
21/04/2020,0.11
22/04/2020,0.12
23/04/2020,0.11
24/04/2020,0.12
27/04/2020,0.12
28/04/2020,0.11
29/04/2020,0.1
30/04/2020,0.09
01/05/2020,0.12
04/05/2020,0.13
05/05/2020,0.13
06/05/2020,0.12
07/05/2020,0.11
08/05/2020,0.12
11/05/2020,0.12
12/05/2020,0.13
13/05/2020,0.13
14/05/2020,0.12
15/05/2020,0.12
18/05/2020,0.13
19/05/2020,0.13
20/05/2020,0.12
21/05/2020,0.12
22/05/2020,0.12
25/05/2020,.
26/05/2020,0.14
27/05/2020,0.15
28/05/2020,0.15
29/05/2020,0.14
01/06/2020,0.14
02/06/2020,0.15
03/06/2020,0.16
04/06/2020,0.15
05/06/2020,0.15
08/06/2020,0.17
09/06/2020,0.19
10/06/2020,0.17
11/06/2020,0.17
12/06/2020,0.16
15/06/2020,0.18
16/06/2020,0.17
17/06/2020,0.17
18/06/2020,0.16
19/06/2020,0.15
22/06/2020,0.16
23/06/2020,0.16
24/06/2020,0.15
25/06/2020,0.16
26/06/2020,0.14
29/06/2020,0.14
30/06/2020,0.16
01/07/2020,0.14
02/07/2020,0.14
03/07/2020,.
06/07/2020,0.15
07/07/2020,0.15
08/07/2020,0.15
09/07/2020,0.13
10/07/2020,0.13
13/07/2020,0.14
14/07/2020,0.15
15/07/2020,0.16
16/07/2020,0.11
17/07/2020,0.11
20/07/2020,0.13
21/07/2020,0.13
22/07/2020,0.13
23/07/2020,0.12
24/07/2020,0.11
27/07/2020,0.11
28/07/2020,0.11
29/07/2020,0.11
30/07/2020,0.09
31/07/2020,0.09
03/08/2020,0.1
04/08/2020,0.09
05/08/2020,0.1
06/08/2020,0.1
07/08/2020,0.1
10/08/2020,0.11
11/08/2020,0.11
12/08/2020,0.11
13/08/2020,0.1
14/08/2020,0.1
17/08/2020,0.1
18/08/2020,0.09
19/08/2020,0.11
20/08/2020,0.11
21/08/2020,0.1
24/08/2020,0.12
25/08/2020,0.11
26/08/2020,0.11
27/08/2020,0.11
28/08/2020,0.1
31/08/2020,0.11
01/09/2020,0.12
02/09/2020,0.12
03/09/2020,0.11
04/09/2020,0.11
07/09/2020,.
08/09/2020,0.13
09/09/2020,0.12
10/09/2020,0.12
11/09/2020,0.11
14/09/2020,0.11
15/09/2020,0.11
16/09/2020,0.12
17/09/2020,0.09
18/09/2020,0.1
21/09/2020,0.1
22/09/2020,0.1
23/09/2020,0.11
24/09/2020,0.1
25/09/2020,0.1
28/09/2020,0.11
29/09/2020,0.09
30/09/2020,0.1
01/10/2020,0.09
02/10/2020,0.09
05/10/2020,0.1
06/10/2020,0.1
07/10/2020,0.1
08/10/2020,0.09
09/10/2020,0.1
12/10/2020,.
13/10/2020,0.11
14/10/2020,0.12
15/10/2020,0.11
16/10/2020,0.11
19/10/2020,0.11
20/10/2020,0.1
21/10/2020,0.1
22/10/2020,0.09
23/10/2020,0.1
26/10/2020,0.11
27/10/2020,0.1
28/10/2020,0.1
29/10/2020,0.09
30/10/2020,0.09
02/11/2020,0.09
03/11/2020,0.1
04/11/2020,0.1
05/11/2020,0.1
06/11/2020,0.1
09/11/2020,0.11
10/11/2020,0.1
11/11/2020,.
12/11/2020,0.1
13/11/2020,0.09
16/11/2020,0.09
17/11/2020,0.09
18/11/2020,0.09
19/11/2020,0.07
20/11/2020,0.07
23/11/2020,0.08
24/11/2020,0.09
25/11/2020,0.09
26/11/2020,.
27/11/2020,0.09
30/11/2020,0.08
01/12/2020,0.09
02/12/2020,0.09
03/12/2020,0.08
04/12/2020,0.09
07/12/2020,0.08
08/12/2020,0.09
09/12/2020,0.08
10/12/2020,0.08
11/12/2020,0.08
14/12/2020,0.09
15/12/2020,0.08
16/12/2020,0.09
17/12/2020,0.08
18/12/2020,0.08
21/12/2020,0.09
22/12/2020,0.09
23/12/2020,0.09
24/12/2020,0.09
25/12/2020,.
28/12/2020,0.11
29/12/2020,0.1
30/12/2020,0.08
31/12/2020,0.09
01/01/2021,.
04/01/2021,0.09
05/01/2021,0.09
06/01/2021,0.09
07/01/2021,0.09
08/01/2021,0.08
11/01/2021,0.08
12/01/2021,0.09
13/01/2021,0.09
14/01/2021,0.09
15/01/2021,0.09
18/01/2021,.
19/01/2021,0.09
20/01/2021,0.08
21/01/2021,0.09
22/01/2021,0.08
25/01/2021,0.09
26/01/2021,0.07
27/01/2021,0.08
28/01/2021,0.07
29/01/2021,0.06
01/02/2021,0.07
02/02/2021,0.07
03/02/2021,0.04
04/02/2021,0.04
05/02/2021,0.03
08/02/2021,0.05
09/02/2021,0.04
10/02/2021,0.05
11/02/2021,0.05
12/02/2021,0.04
15/02/2021,.
16/02/2021,0.04
17/02/2021,0.04
18/02/2021,0.03
19/02/2021,0.04
22/02/2021,0.03
23/02/2021,0.04
24/02/2021,0.03
25/02/2021,0.04
26/02/2021,0.04
01/03/2021,0.05
02/03/2021,0.04
03/03/2021,0.05
04/03/2021,0.04
05/03/2021,0.04
08/03/2021,0.05
09/03/2021,0.05
10/03/2021,0.04
11/03/2021,0.04
12/03/2021,0.04
15/03/2021,0.04
16/03/2021,0.02
17/03/2021,0.02
18/03/2021,0.01
19/03/2021,0.01
22/03/2021,0.03
23/03/2021,0.01
24/03/2021,0.02
25/03/2021,0.02
26/03/2021,0.02
29/03/2021,0.03
30/03/2021,0.02
31/03/2021,0.03
01/04/2021,0.02
02/04/2021,0.02
05/04/2021,0.03
06/04/2021,0.02
07/04/2021,0.02
08/04/2021,0.01
09/04/2021,0.02
12/04/2021,0.02
13/04/2021,0.03
14/04/2021,0.02
15/04/2021,0.02
16/04/2021,0.02
19/04/2021,0.02
20/04/2021,0.03
21/04/2021,0.03
22/04/2021,0.03
23/04/2021,0.03
26/04/2021,0.03
27/04/2021,0.01
28/04/2021,0.01
29/04/2021,0.01
30/04/2021,0.01
03/05/2021,0.04
04/05/2021,0.02
05/05/2021,0.02
06/05/2021,0.02
07/05/2021,0.02
10/05/2021,0.02
11/05/2021,0.01
12/05/2021,0.02
13/05/2021,0.02
14/05/2021,0.01
17/05/2021,0.02
18/05/2021,0.02
19/05/2021,0.01
20/05/2021,0.01
21/05/2021,0.01
24/05/2021,0.02
25/05/2021,0.02
26/05/2021,0.02
27/05/2021,0.02
28/05/2021,0.01
31/05/2021,.
01/06/2021,0.02
02/06/2021,0.02
03/06/2021,0.02
04/06/2021,0.02
07/06/2021,0.02
08/06/2021,0.02
09/06/2021,0.03
